Eye Distance,Nose-Mouth Distance,Brow Distance,Nose-Chin Distance,Mouth Corners Distance,Eye Aspect Ratio,Mouth Aspect Ratio,Face Symmetry,Eye-Nose-Chin Angle,Label
255.9158933017729,189.7684769546275,311.2314251485541,438.0218298861258,223.29352879114077,0.3837010736114133,0.3629500398418144,506.3665859187914,56.0405306870924,fajri
572.8758106644444,358.006319345564,651.2855594898447,831.113703204514,546.3744137493995,0.2727120970866971,0.3529910916358459,982.073997120378,56.71521222421342,nabil
333.669330658696,186.28573896895568,388.65269843396175,426.8057788262786,281.1440911703463,0.158553994815346,0.404447231837824,559.8227987848447,43.00166036232756,fajri
543.1265710883811,378.36749009624015,625.5665592085305,851.9149163451466,452.5151931151041,0.2606881078213712,0.4070274290779609,1033.4205698006383,59.054919228398624,nabil
405.0014060332246,212.80940075424945,468.2093548830479,507.3187446191746,425.9213542427757,0.181686536845193,0.1719566845758607,671.1894854938946,50.46191876086765,nabil
274.7251151403688,181.1919489837868,318.3005497953153,396.1192145033682,226.2675407565124,0.2844619234713378,0.3039143659654062,507.3410482838052,16.16396964306916,fajri
