Eye Distance,Nose-Mouth Distance,Brow Distance,Nose-Chin Distance,Mouth Corners Distance,Label
256.72921315831763,187.50651429012964,316.6204668052904,471.0805676681727,224.1539649437413,fajri
225.5416320278315,173.96618134880822,263.71537687438706,422.5802721611046,156.43848631331102,fajri
338.004109113747,176.92406345207843,394.17666090218984,363.36094016763303,287.29427422070216,fajri
531.3617986938006,324.0467370745184,620.8234853805064,645.7608872150668,453.13353440238785,nabil
530.7513018772959,370.6344514544463,625.7171245858626,901.4456770332729,460.7396227805896,nabil
375.9799787813767,191.88023930193515,433.82595588553704,458.19874118089086,428.33748376718097,nabil
