Eye Distance,Nose-Mouth Distance,Brow Distance,Nose-Chin Distance,Mouth Corners Distance,Eye Aspect Ratio,Mouth Aspect Ratio,Face Symmetry,Eye-Nose-Chin Angle,Label,Predicted_Label
274.7251151403688,181.1919489837868,318.3005497953153,396.1192145033682,226.2675407565124,0.2844619234713378,0.3039143659654062,507.3410482838052,16.16396964306916,fajri,fajri
405.0014060332246,212.80940075424945,468.2093548830479,507.3187446191746,425.9213542427757,0.181686536845193,0.1719566845758607,671.1894854938946,50.46191876086765,nabil,nabil
